Peter Millar|http://PeterM.d.repspark.net
Point 6|http://Point6.d.repspark.net
OluKai|http://OluKai.d.repspark.net
Pastry|http://Pastry.d.repspark.net
Rastaclat|http://Rastaclat.d.repspark.net
Rip Curl|http://RipCurl.d.repspark.net
The Sak|http://SAK.d.repspark.net
SEIRUS INNOVATION|http://SEIRUS.d.repspark.net
Skullcandy|http://Skullcandy.d.repspark.net
Sport Haley|http://SportHaley.d.repspark.net
Stance|http://Stance.d.repspark.net
Stitch Golf|http://StitchGolf.d.repspark.net
Summit|http://Summit.d.repspark.net
Sunice|http://Sunice.d.repspark.net
Swimwear Anywhere|http://SWAW.d.repspark.net
Tharanco Group|http://Tharanco.d.repspark.net
TravisMathew|http://TravisM.d.repspark.net
Turtleson|http://Turtleson.d.repspark.net
TYR Sport|http://TYR.d.repspark.net
Vida Brands|http://Vida.d.repspark.net
Vida Kids|http://VidaKids.d.repspark.net

La Jolla Group|http://LaJolla.d.repspark.net
O'Neill|http://LaJollaON.d.repspark.net
Lauren James|http://LaurenJ.d.repspark.net
Linksoul |http://LINKSOUL.d.repspark.net
Lost International|http://LOST.d.repspark.net
L-Space|http://LSPACE.d.repspark.net
Malibu|http://Malibu.d.repspark.net
Movetes|http://Movetes.d.repspark.net
MyPakage|http://MyPakage.d.repspark.net
OluKai|http://OluKai.d.repspark.net
Peter Millar|http://PeterM.d.repspark.net
Point 6|http://Point6.d.repspark.net
Rastaclat|http://Rastaclat.d.repspark.net
Rip Curl|http://RipCurl.d.repspark.net
The Sak|http://SAK.d.repspark.net
SEIRUS INNOVATION|http://SEIRUS.d.repspark.net
Skullcandy|http://Skullcandy.d.repspark.net
Sport Haley|http://SportHaley.d.repspark.net
Stance|http://Stance.d.repspark.net
Stitch Golf|http://StitchGolf.d.repspark.net
Summit|http://Summit.d.repspark.net
Tharanco Group|http://Tharanco.d.repspark.net
TravisMathew|http://TravisM.d.repspark.net
Turtleson|http://Turtleson.d.repspark.net
Vida Brands|http://Vida.d.repspark.net
Pastry|http://Pastry.d.repspark.net
Armada|http://ArmadaCA.d.repspark.net
Armada|http://ArmadaEU.d.repspark.net
August Accessories|http://August.d.repspark.net
Bobby Jones|http://BobbyJones.d.repspark.net
Demo|http://DEMO.d.repspark.net
Greyson|http://Greyson.d.repspark.net
Halston Heritage|http://HALSTON.d.repspark.net
Independent Trading Company|http://IndepTC.d.repspark.net
Jerry Leigh|http://JerryLeigh.d.repspark.net


Problem clients on dev

Sunice|http://Sunice.d.repspark.net
Swimwear Anywhere|http://SWAW.d.repspark.net
TYR Sport|http://TYR.d.repspark.net
